id;matricule;nom;prenom;date_naissance;sexe;contact;typecandidat;situation_matrimonial;charger;localite
1;matrix Practical Wooden Mouse Lead;Tennessee Incredible Fresh Keyboard;yellow Parks;2020-08-22;MASCULIN;cutting-edge;CQP;capability optimizing;killer backing up hub;Small
2;Infrastructure bypassing;index Falkland Islands (Malvinas);Grocery Producer;2020-08-22;FEMININ;payment Minnesota;CQP;paradigms Data;withdrawal systems;enable Borders
3;drive;systematic Berkshire;Bike Awesome;2020-08-22;MASCULIN;olive;CQP;Mexican Peso Mexican Unidad de Inversion (UDI) bus;deploy;Guyana
4;lavender Computer;Trail Trafficway;firewall HTTP;2020-08-21;FEMININ;Handcrafted;CQP;salmon Manors;Berkshire User-friendly RSS;Principal Personal Loan Account microchip
5;e-commerce Borders withdrawal;ADP Jewelery;ADP index navigate;2020-08-22;FEMININ;parsing Internal Harbors;CQP;Checking Account;IB transform;Small moderator
6;Sleek Money Market Account Tunnel;Isle of Man Burundi Franc XML;Cambridgeshire;2020-08-22;FEMININ;Pants;CQP;calculating deposit;Antarctica (the territory South of 60 deg S) withdrawal Specialist;Computer
7;architectures Taiwan;turquoise Cheese AI;West Virginia;2020-08-22;FEMININ;visualize;CQP;Table application Ways;transmitting;French Southern Territories quantify
8;ivory;Directives;backing up;2020-08-22;FEMININ;sky blue;CQP;Soft;mobile Dynamic program;vertical District
9;Home Loan Account Networked;program Credit Card Account Via;COM relationships;2020-08-22;MASCULIN;Salad Handcrafted;CQP;Wooden Accountability;interface Lebanese Pound focus group;revolutionize
10;Kansas pixel project;Cape Netherlands Antillian Guilder;overriding;2020-08-22;FEMININ;Indiana;CQP;Refined Fresh Keyboard bypassing;Tugrik;Algerian Dinar Refined Wooden Hat
